date,time_open,time_close,price_open,price_high,price_low,price_close,volume_traded,trades_count,symbol,currency
2022-01-11,19:35:40.9460000,23:58:43.6750000,19.0,19.0,11.0,11.955,50170.34795612,661,GLMR,USD
2022-01-12,00:01:53.8930000,23:59:24.0560000,11.901,13.0,8.282,8.987,523059.6863931,4109,GLMR,USD
2022-01-13,00:00:38.1960000,23:59:28.5540000,8.99,14.6,8.559,11.66,490644.56856553,5269,GLMR,USD
2022-01-14,00:05:06.4800000,23:55:31.5530000,11.44,15.99,11.278,13.432,361019.9892805,4048,GLMR,USD
2022-01-15,00:00:11.5930000,23:59:52.8460000,13.373,14.24,12.391,12.65,121468.16754319,1374,GLMR,USD
2022-01-16,00:00:14.9400000,23:59:36.1770000,12.65,12.792,10.402,10.408,162004.6748005,1557,GLMR,USD
2022-01-17,00:00:37.3260000,23:58:37.0710000,10.505,11.132,9.632,10.038,157633.89680223,1947,GLMR,USD
2022-01-18,00:00:28.4210000,23:58:24.1770000,10.061,10.26,8.641,9.21,233404.77912122,2547,GLMR,USD
2022-01-19,00:06:02.9210000,23:59:02.9460000,9.199,11.082,8.419,10.193,197701.57738847,2433,GLMR,USD
2022-01-20,00:00:54.8540000,23:59:59.9250000,10.184,11.388,9.691,9.77,141867.12555241,1946,GLMR,USD
2022-01-21,00:00:06.8790000,23:55:56.9410000,9.754,10.047,8.503,8.647,162448.61179882,1858,GLMR,USD
2022-01-22,00:00:23.0030000,23:55:11.1660000,8.647,9.495,6.772,7.392,190956.07116915,1693,GLMR,USD
2022-01-23,00:00:13.1390000,23:44:40.5440000,7.425,8.704,7.409,8.018,128345.61768896,1670,GLMR,USD
2022-01-24,00:07:14.8470000,23:59:50.8100000,7.926,7.926,6.513,7.417,221350.65183645,1793,GLMR,USD
2022-01-25,00:00:39.7250000,23:45:34.6480000,7.442,7.979,7.105,7.769,127430.36507375,896,GLMR,USD
2022-01-26,00:02:32.1270000,23:50:07.3080000,7.745,8.9,7.035,7.333,93862.68001318,704,GLMR,USD
2022-01-27,00:02:13.8640000,23:56:01.1040000,7.211,7.317,6.51,6.617,52060.12367398,465,GLMR,USD
2022-01-28,00:26:19.8910000,23:59:13.1570000,6.657,6.657,6.005,6.452,84288.07085879,686,GLMR,USD
2022-01-29,00:01:23.8020000,23:45:44.7310000,6.467,6.554,6.09,6.173,93057.70706245,623,GLMR,USD
2022-01-30,00:23:00.2570000,23:56:57.1100000,6.183,6.378,5.661,5.737,54599.68093411,532,GLMR,USD
2022-01-31,00:00:36.6260000,23:57:24.5500000,5.673,5.738,5.072,5.389,111596.01940352,872,GLMR,USD
2022-02-01,00:01:15.4920000,23:53:31.0260000,5.38,5.748,5.228,5.365,71431.05008374,599,GLMR,USD
2022-02-02,00:02:12.8410000,23:59:15.1960000,5.328,5.511,5.01,5.081,74348.81292793,619,GLMR,USD
2022-02-03,00:25:00.7620000,23:55:08.6430000,5.087,5.087,4.6,4.748,67277.32025419,520,GLMR,USD
2022-02-04,00:02:10.3300000,23:54:41.6610000,4.734,6.22,4.734,5.748,263659.87574533,1677,GLMR,USD
2022-02-05,00:03:31.2060000,23:52:45.6260000,5.846,6.205,5.688,5.769,143507.94801008,1061,GLMR,USD
2022-02-06,00:01:17.3130000,23:56:26.9440000,5.765,6.75,5.761,6.143,319440.78358232,1576,GLMR,USD
2022-02-07,00:00:24.4360000,23:59:19.0340000,6.141,6.637,6.041,6.287,115983.23578456,685,GLMR,USD
2022-02-08,00:18:15.5500000,23:20:46.7590000,6.211,6.38,5.623,5.831,100197.44599694,644,GLMR,USD
2022-02-09,00:02:03.0290000,23:43:04.4440000,5.841,5.981,5.634,5.908,64448.14626028,374,GLMR,USD
2022-02-10,00:19:48.7840000,23:56:31.9620000,5.876,5.952,5.51,5.533,44748.36060982,356,GLMR,USD
2022-02-11,00:05:12.3450000,23:59:44.5960000,5.53,24.99,5.157,5.157,201079.36971733,2413,GLMR,USD
2022-02-12,00:00:12.2770000,23:58:57.6510000,5.173,5.291,4.8,4.904,55459.27063566,342,GLMR,USD
2022-02-13,00:18:09.0010000,23:57:41.7030000,4.86,5.008,4.666,4.721,56060.51411039,319,GLMR,USD
2022-02-14,00:01:11.8470000,23:13:09.4440000,4.72,4.783,4.483,4.666,76474.8344784,505,GLMR,USD
2022-02-15,00:06:50.9330000,23:57:25.6450000,4.666,5.407,4.648,5.179,140821.31515868,757,GLMR,USD
2022-02-16,00:01:58.2520000,23:58:09.0300000,5.179,5.4,4.89,5.046,126680.34815321,828,GLMR,USD
2022-02-17,00:00:30.9420000,23:59:59.7050000,5.034,5.137,4.288,4.316,131819.82565646,1006,GLMR,USD
2022-02-18,00:00:00.5900000,23:56:12.7220000,4.304,4.524,3.829,3.889,90905.10480583,768,GLMR,USD
2022-02-19,00:01:42.9460000,23:54:22.4440000,3.887,4.0,3.582,3.675,71232.3995753,585,GLMR,USD
2022-02-20,00:25:32.8360000,23:59:09.2380000,3.654,3.654,1.967,2.828,1233014.52706559,4598,GLMR,USD
2022-02-21,00:00:01.1840000,23:59:47.4560000,2.833,2.888,2.31,2.332,634461.21184047,2392,GLMR,USD
2022-02-22,00:00:21.7280000,23:50:36.3110000,2.327,2.6,2.208,2.436,414152.83161695,1103,GLMR,USD
2022-02-23,00:07:24.0140000,23:49:07.7690000,2.429,2.587,2.229,2.27,299505.15004916,711,GLMR,USD
2022-02-24,00:05:36.3300000,23:59:19.6170000,2.247,2.256,1.889,2.18,634551.3331263,1450,GLMR,USD
2022-02-25,00:01:08.6140000,23:57:37.3540000,2.171,2.5,2.153,2.39,159648.83448891,601,GLMR,USD
2022-02-26,00:00:46.2630000,23:53:15.0300000,2.398,3.15,2.329,2.581,323421.76427322,1042,GLMR,USD
2022-02-27,00:04:33.2450000,23:52:20.3850000,2.577,2.648,2.325,2.358,247321.62190929,816,GLMR,USD
2022-02-28,00:03:06.3550000,23:58:13.0000000,2.348,2.664,2.3,2.664,181104.0034964,558,GLMR,USD
2022-03-01,00:02:35.4140000,23:54:14.1320000,2.678,2.714,2.526,2.626,115196.02257722,416,GLMR,USD
2022-03-02,00:01:52.1970000,23:47:22.4370000,2.628,3.039,2.517,2.895,438310.87059695,1479,GLMR,USD
2022-03-03,00:02:18.8570000,23:50:14.3190000,2.897,3.358,2.757,3.084,447938.09966708,2008,GLMR,USD
2022-03-04,00:01:35.6650000,23:41:56.5690000,3.094,3.467,2.85,3.09,369022.87390212,1378,GLMR,USD
2022-03-05,00:03:18.2270000,23:42:57.2200000,3.029,3.35,2.86,2.927,179943.08985284,459,GLMR,USD
2022-03-06,00:00:22.3720000,23:29:51.7230000,2.94,3.02,2.65,2.702,159251.07469385,431,GLMR,USD
2022-03-07,00:00:55.4030000,23:54:59.5080000,2.691,2.767,2.51,2.56,119630.63673559,298,GLMR,USD
2022-03-08,00:04:54.2650000,23:50:31.3860000,2.559,2.624,2.4,2.467,188792.94924299,465,GLMR,USD
2022-03-09,00:00:23.3880000,23:12:14.4460000,2.464,2.799,2.464,2.61,146670.73121662,373,GLMR,USD
2022-03-10,00:11:23.0260000,23:57:45.2900000,2.616,2.902,2.407,2.532,267524.10426999,669,GLMR,USD
2022-03-11,00:21:27.4050000,23:51:09.6680000,2.537,2.641,2.42,2.42,223597.1725828,525,GLMR,USD
2022-03-12,00:15:23.1550000,23:50:29.7040000,2.413,2.498,2.37,2.375,120313.28911004,271,GLMR,USD
2022-03-13,00:28:54.9830000,23:30:01.1840000,2.382,2.449,2.222,2.25,128983.568052,310,GLMR,USD
2022-03-14,00:13:37.1500000,23:56:27.9880000,2.228,2.448,2.187,2.368,126758.07187471,377,GLMR,USD
2022-03-15,00:00:50.9490000,23:59:27.2550000,2.388,2.388,2.184,2.237,180425.8084849,584,GLMR,USD
2022-03-16,00:01:07.7240000,23:50:01.2400000,2.237,2.675,2.214,2.572,346582.22866164,825,GLMR,USD
2022-03-17,00:00:36.9710000,23:41:31.2480000,2.522,2.537,2.378,2.404,104692.57684062,295,GLMR,USD
2022-03-18,00:02:07.6400000,23:40:33.2230000,2.41,2.458,2.332,2.369,78418.54781095,236,GLMR,USD
2022-03-19,00:17:08.0830000,23:57:41.5760000,2.377,2.947,2.377,2.85,207315.40357154,633,GLMR,USD
2022-03-20,00:00:24.5650000,23:39:18.9030000,2.85,3.167,2.631,2.68,114092.11548707,478,GLMR,USD
2022-03-21,01:03:22.1230000,23:58:04.9510000,2.744,2.867,2.676,2.763,118254.49454172,448,GLMR,USD
2022-03-22,00:02:06.6480000,23:55:10.9480000,2.75,2.918,2.738,2.762,155840.4037546,509,GLMR,USD
2022-03-23,00:00:00.3560000,23:57:59.1440000,2.763,2.844,2.674,2.791,79581.17262396,305,GLMR,USD
2022-03-24,00:13:41.3730000,23:59:44.6490000,2.792,2.92,2.751,2.846,75920.60365714,363,GLMR,USD
2022-03-25,00:03:47.0380000,23:46:49.3580000,2.847,2.9,2.746,2.746,59693.72669472,277,GLMR,USD
2022-03-26,00:31:57.5850000,23:33:55.5970000,2.757,2.78,2.705,2.775,66590.41433889,224,GLMR,USD
2022-03-27,00:13:31.0570000,23:35:25.5550000,2.787,2.881,2.745,2.864,66364.42466869,220,GLMR,USD
2022-03-28,00:01:40.2250000,23:49:42.9880000,2.865,3.39,2.86,3.061,248079.39882473,825,GLMR,USD
2022-03-29,00:22:16.6070000,23:39:07.3540000,3.095,3.627,3.067,3.305,319467.5221058,958,GLMR,USD
2022-03-30,00:14:03.9550000,23:56:05.8730000,3.293,3.611,3.196,3.313,148001.30674084,527,GLMR,USD
2022-03-31,00:03:28.7160000,23:47:30.2020000,3.304,3.466,3.077,3.115,139053.14931951,476,GLMR,USD
2022-04-01,00:43:26.6280000,23:54:13.8340000,3.162,3.51,2.942,3.47,347363.70031176,1033,GLMR,USD
2022-04-02,00:04:23.5090000,23:59:41.9340000,3.431,5.696,3.431,5.046,1161047.01951232,4950,GLMR,USD
2022-04-03,00:00:05.6170000,23:58:33.2060000,5.069,5.55,4.435,5.278,732975.84696056,2660,GLMR,USD
2022-04-04,00:02:49.7540000,23:58:13.0930000,5.215,5.988,4.829,5.054,775735.45315955,2564,GLMR,USD
2022-04-05,00:02:48.2100000,23:58:56.1590000,5.097,5.416,4.33,4.347,429224.5576592,1440,GLMR,USD
2022-04-06,00:00:16.3580000,23:59:14.6100000,4.337,4.685,3.75,3.75,491500.98340877,1426,GLMR,USD
2022-04-07,00:01:01.2810000,23:57:26.0320000,3.767,4.171,3.71,4.07,360114.25263286,918,GLMR,USD
2022-04-08,00:04:53.9440000,23:57:30.2970000,4.086,4.146,3.706,3.733,433116.58213232,910,GLMR,USD
2022-04-09,00:04:40.6230000,23:53:33.0400000,3.76,3.965,3.698,3.955,182663.59678255,419,GLMR,USD
2022-04-10,00:02:59.3820000,23:53:58.6220000,3.913,4.482,3.913,4.001,276865.88794125,824,GLMR,USD
2022-04-11,00:01:18.3430000,23:54:57.4350000,3.98,3.983,3.384,3.385,333393.78363732,768,GLMR,USD
2022-04-12,00:00:10.5020000,23:55:26.8180000,3.391,3.768,3.391,3.674,245264.65456167,579,GLMR,USD
2022-04-13,00:33:03.6580000,23:50:31.2100000,3.615,4.218,3.434,3.947,181797.75804288,627,GLMR,USD
2022-04-14,00:01:00.9460000,23:06:37.7520000,3.967,4.169,3.712,3.787,280214.92633634,666,GLMR,USD
2022-04-15,00:15:51.2810000,23:39:15.9960000,3.798,4.146,3.795,4.042,89104.85165666,343,GLMR,USD
2022-04-16,00:00:58.2040000,23:56:10.9880000,4.034,4.3,3.982,4.238,127768.94899821,472,GLMR,USD
2022-04-17,00:01:04.8520000,23:55:26.5360000,4.226,4.25,3.822,3.845,79631.99126097,266,GLMR,USD
2022-04-18,00:12:30.0270000,23:58:38.9930000,3.879,4.209,3.664,4.174,227015.70015918,753,GLMR,USD
2022-04-19,00:02:43.8580000,23:35:57.7000000,4.177,4.3,4.018,4.212,171265.17082706,582,GLMR,USD
2022-04-20,00:03:20.9740000,23:56:41.8140000,4.244,4.46,4.022,4.076,152520.18153405,654,GLMR,USD
2022-04-21,00:00:43.6210000,23:47:28.4430000,4.066,4.427,3.68,3.882,182372.21836891,597,GLMR,USD
2022-04-22,00:00:08.0820000,22:44:58.9140000,3.889,3.975,3.634,3.737,238612.4537562,660,GLMR,USD
2022-04-23,00:31:30.3530000,23:50:49.2780000,3.73,3.777,3.58,3.638,52659.89776961,200,GLMR,USD
2022-04-24,00:03:04.5540000,23:58:35.7600000,3.647,3.702,3.295,3.298,116186.10231328,347,GLMR,USD
2022-04-25,00:09:15.8900000,23:35:51.5120000,3.292,3.519,3.0,3.484,286159.56529148,754,GLMR,USD
2022-04-26,00:01:24.5600000,23:40:37.0290000,3.527,3.574,3.011,3.066,133776.78735829,430,GLMR,USD
2022-04-27,00:04:31.7000000,23:55:53.7190000,3.058,3.096,2.916,2.992,170875.08765205,459,GLMR,USD
2022-04-28,00:03:08.2840000,23:38:36.3160000,2.991,3.23,2.969,2.997,119311.11236983,400,GLMR,USD
2022-04-29,01:14:29.6700000,23:54:30.2770000,2.99,2.998,2.582,2.647,280001.62994265,677,GLMR,USD
2022-04-30,00:02:49.8710000,23:48:18.1660000,2.645,2.819,2.318,2.382,141712.16688362,360,GLMR,USD
2022-05-01,00:10:09.2690000,23:34:26.7480000,2.414,2.56,2.353,2.535,194914.73391804,417,GLMR,USD
2022-05-02,00:01:11.9860000,23:48:08.7070000,2.52,2.632,2.44,2.497,160937.99326042,446,GLMR,USD
2022-05-03,00:14:27.9280000,23:58:05.8870000,2.489,2.571,2.413,2.449,161694.4520995,356,GLMR,USD
2022-05-04,00:03:16.3290000,23:57:48.9400000,2.448,2.846,2.431,2.764,299793.47398179,774,GLMR,USD
2022-05-05,00:04:02.4400000,23:57:45.4300000,2.777,2.898,2.364,2.445,191991.31855065,663,GLMR,USD
2022-05-06,00:02:33.3720000,23:57:55.0680000,2.434,2.434,2.24,2.327,343198.56018669,833,GLMR,USD
2022-05-07,00:01:27.4030000,23:55:41.2020000,2.334,2.334,2.174,2.218,104673.16970297,361,GLMR,USD
2022-05-08,01:00:50.5790000,23:42:57.3030000,2.186,2.189,2.085,2.108,94921.11382038,297,GLMR,USD
2022-05-09,00:10:09.0510000,23:59:38.9030000,2.114,2.157,1.7,1.7,541015.6485484,1849,GLMR,USD
2022-05-10,00:01:55.7770000,23:52:57.1600000,1.7,1.977,1.623,1.721,640078.25429873,2136,GLMR,USD
2022-05-11,00:06:37.3770000,23:59:51.8510000,1.737,1.785,1.073,1.223,1751445.38107082,3374,GLMR,USD
2022-05-12,00:00:12.1110000,23:59:22.0100000,1.225,1.309,1.038,1.133,1452464.46919851,2132,GLMR,USD
2022-05-13,00:07:24.9880000,23:55:06.8860000,1.141,1.4,1.122,1.194,1254494.59514659,1782,GLMR,USD
2022-05-14,00:02:07.0480000,23:57:36.5130000,1.199,1.261,1.075,1.23,580866.13918227,1024,GLMR,USD
2022-05-15,00:02:53.2620000,23:59:59.3910000,1.226,1.42,1.192,1.412,681087.69128708,978,GLMR,USD
2022-05-16,00:00:55.0390000,23:56:44.5820000,1.41,1.41,1.241,1.289,331578.61179259,723,GLMR,USD
2022-05-17,00:04:12.5280000,23:54:09.3090000,1.29,1.442,1.29,1.399,347145.48773768,692,GLMR,USD
2022-05-18,00:07:16.0720000,23:59:56.7680000,1.4,1.427,1.105,1.105,490515.4392353,804,GLMR,USD
2022-05-19,00:05:53.8090000,23:59:48.8440000,1.1,1.262,1.093,1.208,372534.62530517,587,GLMR,USD
2022-05-20,00:10:59.3830000,23:49:30.4790000,1.203,1.251,1.084,1.128,528244.06364369,718,GLMR,USD
2022-05-21,00:11:50.6170000,23:34:37.8990000,1.136,1.203,1.095,1.177,247876.49659731,320,GLMR,USD
2022-05-22,00:41:47.2280000,23:50:36.5790000,1.184,1.26,1.16,1.237,254094.51171385,497,GLMR,USD
2022-05-23,00:07:51.3450000,23:30:23.1490000,1.23,1.31,1.153,1.161,308423.66454631,543,GLMR,USD
2022-05-24,00:07:37.3490000,23:57:17.8500000,1.18,1.476,1.127,1.391,799695.77043325,2383,GLMR,USD
2022-05-25,00:01:23.2170000,23:52:13.4630000,1.383,1.572,1.26,1.299,562428.1421296,1209,GLMR,USD
2022-05-26,00:40:34.5300000,23:58:38.6720000,1.314,1.325,1.153,1.163,360097.69510402,530,GLMR,USD
2022-05-27,00:00:38.0860000,23:39:28.1810000,1.172,1.238,1.131,1.17,302379.56674064,620,GLMR,USD
2022-05-28,00:17:53.6520000,23:51:02.9940000,1.189,1.235,1.172,1.213,82898.07515155,246,GLMR,USD
2022-05-29,00:15:29.5450000,23:43:29.4080000,1.212,1.231,1.169,1.228,85262.42713815,203,GLMR,USD
2022-05-30,00:29:51.5120000,23:51:57.2970000,1.212,1.513,1.207,1.4,271138.1855356,683,GLMR,USD
2022-05-31,00:03:38.2190000,23:23:41.2580000,1.399,1.408,1.28,1.367,164554.81585177,500,GLMR,USD
2022-06-01,00:16:23.2560000,23:46:37.7730000,1.356,1.369,1.212,1.237,212235.930564,474,GLMR,USD
2022-06-02,00:05:24.6280000,23:58:56.8390000,1.234,1.384,1.225,1.348,240623.73008925,401,GLMR,USD
2022-06-03,00:01:53.5370000,23:49:57.4610000,1.343,1.384,1.253,1.291,136494.96809692,429,GLMR,USD
2022-06-04,00:44:07.0460000,23:48:40.6990000,1.294,1.339,1.285,1.313,101050.97691522,226,GLMR,USD
2022-06-05,00:21:18.0750000,23:58:55.7700000,1.319,1.371,1.295,1.371,121309.14761552,277,GLMR,USD
2022-06-06,00:14:09.6270000,22:14:18.7070000,1.367,1.428,1.317,1.349,100637.3915834,299,GLMR,USD
2022-06-07,00:06:25.7210000,23:48:01.6280000,1.337,1.337,1.227,1.298,189653.32648342,637,GLMR,USD
2022-06-08,00:22:32.8380000,23:57:38.5530000,1.29,1.346,1.25,1.26,352670.65238873,667,GLMR,USD
2022-06-09,00:20:33.3720000,23:59:42.6970000,1.262,1.31,1.253,1.269,107571.31127424,497,GLMR,USD
2022-06-10,00:16:58.4250000,23:47:22.4490000,1.251,1.275,1.16,1.16,864583.62001438,2075,GLMR,USD
2022-06-11,00:03:18.6940000,23:54:54.1040000,1.174,1.195,1.047,1.066,215147.27346855,412,GLMR,USD
2022-06-12,00:27:56.2060000,23:54:07.8270000,1.072,1.079,0.979,0.979,259333.64779344,602,GLMR,USD
2022-06-13,00:03:00.7600000,23:54:24.5490000,0.983,0.99,0.801,0.858,760421.31227218,1127,GLMR,USD
2022-06-14,00:01:03.9910000,23:45:44.3110000,0.858,0.938,0.81,0.867,631703.26542129,877,GLMR,USD
2022-06-15,00:01:58.4770000,23:51:09.2220000,0.863,0.918,0.773,0.9,1016509.2213506,1678,GLMR,USD
2022-06-16,00:02:07.4390000,23:59:15.6880000,0.9,0.907,0.787,0.807,284652.40965805,697,GLMR,USD
2022-06-17,00:00:22.9410000,23:54:08.6080000,0.806,0.816,0.673,0.697,1208022.99653318,1462,GLMR,USD
2022-06-18,00:01:25.8100000,23:54:23.5490000,0.698,0.712,0.554,0.611,1939996.04915897,2249,GLMR,USD
2022-06-19,00:02:06.8960000,23:47:18.7140000,0.61,0.668,0.582,0.654,1061563.44981747,1337,GLMR,USD
2022-06-20,00:04:40.8960000,23:45:16.2880000,0.653,0.725,0.625,0.672,790720.34437483,875,GLMR,USD
2022-06-21,00:05:51.6470000,23:50:17.6420000,0.673,0.705,0.645,0.652,1636552.12518456,1774,GLMR,USD
2022-06-22,00:09:16.1840000,23:55:41.9050000,0.647,0.65,0.601,0.602,1127885.01869299,1251,GLMR,USD
2022-06-23,00:03:12.7230000,23:34:14.8190000,0.602,0.668,0.602,0.648,547264.49689102,613,GLMR,USD
2022-06-24,00:16:00.9780000,23:42:18.0510000,0.645,0.686,0.642,0.686,170066.23630064,252,GLMR,USD
2022-06-25,00:18:47.1940000,23:54:49.5550000,0.683,0.98,0.663,0.71,853546.60608332,740,GLMR,USD
2022-06-26,00:00:23.2530000,23:57:04.3750000,0.712,0.804,0.694,0.694,680243.51126085,812,GLMR,USD
2022-06-27,00:01:25.8640000,23:39:18.1880000,0.698,0.736,0.679,0.683,90318.74214747,195,GLMR,USD
2022-06-28,00:20:44.1620000,23:39:20.4790000,0.687,0.715,0.648,0.648,167640.23740728,348,GLMR,USD
2022-06-29,00:00:50.1150000,23:30:09.1730000,0.649,0.659,0.624,0.634,190916.40822113,300,GLMR,USD
2022-06-30,00:29:00.1340000,23:59:01.5130000,0.633,0.634,0.583,0.619,166421.16901094,331,GLMR,USD
2022-07-01,00:18:04.7060000,23:50:18.8990000,0.619,0.741,0.608,0.644,335840.38337337,448,GLMR,USD
2022-07-02,00:37:05.0860000,23:39:31.0210000,0.638,0.708,0.627,0.679,233283.81289367,371,GLMR,USD
2022-07-03,00:12:36.1130000,23:56:29.1880000,0.698,0.698,0.653,0.673,100814.93610403,167,GLMR,USD
2022-07-04,00:41:57.8380000,23:39:44.2470000,0.671,0.701,0.654,0.699,101339.90806675,209,GLMR,USD
2022-07-05,00:09:08.5380000,23:30:00.7390000,0.698,0.707,0.656,0.674,72841.12291143,168,GLMR,USD
2022-07-06,00:13:49.4460000,22:58:41.9050000,0.677,0.681,0.655,0.677,94061.33336695,161,GLMR,USD
2022-07-07,00:07:57.2510000,23:31:03.9600000,0.674,0.706,0.657,0.689,156694.9855873,201,GLMR,USD
2022-07-08,00:58:48.5180000,23:51:15.0610000,0.695,0.703,0.665,0.686,92076.37451719,168,GLMR,USD
2022-07-09,00:50:55.8470000,23:58:48.3470000,0.683,0.699,0.677,0.689,64931.9174708,114,GLMR,USD
2022-07-10,00:52:35.4530000,23:48:51.1680000,0.679,0.679,0.643,0.649,104625.46788855,131,GLMR,USD
2022-07-11,00:08:06.2630000,23:59:36.2130000,0.65,0.65,0.593,0.6,89640.69884151,183,GLMR,USD
2022-07-12,00:32:25.7410000,23:52:02.7630000,0.599,0.607,0.577,0.577,49542.77286331,221,GLMR,USD
2022-07-13,00:10:32.3820000,23:55:03.8420000,0.578,0.607,0.553,0.603,229529.05579694,363,GLMR,USD
2022-07-14,00:24:03.6140000,23:58:08.8300000,0.601,0.618,0.574,0.609,103810.2602327,162,GLMR,USD
2022-07-15,00:10:40.8950000,22:39:51.1340000,0.609,0.631,0.601,0.613,99580.51627813,178,GLMR,USD
2022-07-16,00:03:10.7000000,23:34:39.8700000,0.609,0.65,0.591,0.616,288201.76718127,225,GLMR,USD
2022-07-17,00:06:16.3630000,22:44:47.5130000,0.625,0.629,0.609,0.621,101226.1284261,157,GLMR,USD
2022-07-18,00:05:28.8590000,23:57:04.2720000,0.609,0.693,0.608,0.69,370013.55625876,401,GLMR,USD
2022-07-19,00:04:56.5620000,23:44:18.7660000,0.68,0.91,0.654,0.76,602964.53086711,712,GLMR,USD
2022-07-20,00:01:59.3780000,23:54:02.5650000,0.765,0.798,0.698,0.707,440854.90716238,381,GLMR,USD
2022-07-21,00:01:44.3340000,23:50:47.1810000,0.703,0.738,0.676,0.729,184423.47030331,266,GLMR,USD
2022-07-22,00:30:33.9550000,23:54:51.8590000,0.732,0.781,0.711,0.717,192267.64314398,312,GLMR,USD
2022-07-23,00:05:40.9470000,23:59:50.5250000,0.713,0.735,0.679,0.698,91129.70706597,174,GLMR,USD
2022-07-24,00:07:34.5370000,23:58:13.2120000,0.702,0.741,0.696,0.729,118402.15977295,216,GLMR,USD
2022-07-25,00:13:58.0530000,23:49:21.8700000,0.728,0.728,0.663,0.663,90245.12690364,190,GLMR,USD
2022-07-26,00:10:50.0830000,23:58:13.5580000,0.661,0.662,0.626,0.651,113309.94501767,174,GLMR,USD
2022-07-27,00:16:34.8980000,23:54:35.3630000,0.654,0.712,0.64,0.712,190372.14656973,256,GLMR,USD
2022-07-28,00:11:27.3270000,23:36:53.9200000,0.706,0.766,0.692,0.749,318045.8308968,302,GLMR,USD
2022-07-29,00:20:24.2180000,23:51:19.4270000,0.742,0.791,0.733,0.771,181783.28641367,317,GLMR,USD
2022-07-30,00:29:21.6080000,23:25:16.6080000,0.779,0.881,0.704,0.802,522791.59501984,618,GLMR,USD
2022-07-31,00:10:44.8210000,23:56:54.6370000,0.801,0.861,0.798,0.8,196632.41183381,261,GLMR,USD
2022-08-01,00:07:05.0380000,23:59:31.9670000,0.796,0.847,0.712,0.731,190794.25553648,339,GLMR,USD
2022-08-02,00:06:13.2170000,23:54:16.8340000,0.735,0.808,0.6,0.709,618655.01062939,960,GLMR,USD
2022-08-03,00:00:13.1040000,23:56:35.4520000,0.704,0.718,0.671,0.686,150888.86107474,286,GLMR,USD
2022-08-04,00:07:23.2940000,23:59:40.6230000,0.693,0.733,0.691,0.727,259839.33163162,300,GLMR,USD
2022-08-05,00:36:12.8840000,23:39:14.4310000,0.734,0.783,0.725,0.758,117199.22549777,274,GLMR,USD
2022-08-06,00:24:49.1580000,23:21:09.3520000,0.75,0.789,0.74,0.769,195409.68450348,346,GLMR,USD
2022-08-07,00:03:27.7220000,23:20:50.4150000,0.755,0.777,0.742,0.759,70905.37632669,189,GLMR,USD
2022-08-08,00:13:38.2170000,23:55:57.7620000,0.767,0.806,0.76,0.767,133957.62464089,315,GLMR,USD
2022-08-09,00:02:46.8180000,22:46:38.5100000,0.764,0.772,0.699,0.716,208429.47807207,311,GLMR,USD
2022-08-10,00:06:10.3730000,23:53:56.7070000,0.712,0.769,0.698,0.766,164324.86740307,288,GLMR,USD
2022-08-11,00:28:33.2750000,23:56:41.5630000,0.754,0.786,0.736,0.74,75320.57469308,218,GLMR,USD
2022-08-12,00:10:48.6450000,23:54:49.1250000,0.735,0.745,0.712,0.741,89574.54280464,276,GLMR,USD
2022-08-13,00:08:56.5910000,23:57:50.7340000,0.741,0.773,0.732,0.733,95171.93002753,290,GLMR,USD
2022-08-14,00:37:59.2800000,23:49:44.4300000,0.736,0.743,0.688,0.7,267560.61855815,385,GLMR,USD
2022-08-15,00:50:32.3010000,23:55:32.4280000,0.705,0.73,0.679,0.72,109256.53134082,197,GLMR,USD
2022-08-16,00:34:52.7760000,23:45:28.1130000,0.729,0.739,0.694,0.7,78706.35699999,162,GLMR,USD
2022-08-17,00:45:51.8730000,23:59:57.7790000,0.701,0.718,0.66,0.672,115443.00646745,198,GLMR,USD
2022-08-18,00:27:45.5970000,23:45:31.0240000,0.668,0.685,0.642,0.642,91894.15090798,188,GLMR,USD
2022-08-19,00:03:47.5300000,23:58:48.8040000,0.64,0.642,0.596,0.609,199137.53297725,290,GLMR,USD
2022-08-20,00:53:44.7500000,23:59:52.0510000,0.618,0.636,0.596,0.611,39791.52299899,124,GLMR,USD
2022-08-21,00:34:48.1380000,23:44:48.3110000,0.618,0.642,0.615,0.636,52750.39511318,121,GLMR,USD
2022-08-22,00:10:18.1570000,23:57:51.5100000,0.633,0.633,0.6,0.623,30583.30179836,97,GLMR,USD
2022-08-23,00:23:02.9050000,23:51:49.9270000,0.618,0.622,0.597,0.617,166488.30480122,129,GLMR,USD
2022-08-24,00:25:55.4450000,23:50:06.6590000,0.612,0.623,0.593,0.6,50984.73124901,132,GLMR,USD
2022-08-25,00:15:09.3770000,23:43:00.3960000,0.6,0.612,0.598,0.6,24217.75853322,119,GLMR,USD
2022-08-26,00:41:08.3340000,23:47:58.0810000,0.602,0.602,0.546,0.546,137356.44286124,206,GLMR,USD
2022-08-27,00:12:17.7570000,23:51:57.1560000,0.551,0.562,0.538,0.55,140032.83010626,209,GLMR,USD
2022-08-28,00:02:47.3050000,23:57:37.2150000,0.549,0.556,0.525,0.525,69421.20386728,98,GLMR,USD
2022-08-29,00:02:46.9530000,23:48:20.3140000,0.529,0.555,0.527,0.553,85440.87018994,171,GLMR,USD
2022-08-30,00:27:47.2690000,23:36:47.7750000,0.551,0.559,0.515,0.519,227650.61260465,208,GLMR,USD
2022-08-31,00:09:18.3620000,23:59:55.4790000,0.523,0.535,0.514,0.528,61013.57035635,154,GLMR,USD
2022-09-01,00:00:47.6350000,23:16:23.1260000,0.526,0.53,0.512,0.527,130792.5963276,181,GLMR,USD
2022-09-02,00:05:24.1100000,23:07:43.0050000,0.526,0.566,0.521,0.538,248528.99631881,227,GLMR,USD
2022-09-03,01:25:05.9920000,22:36:56.5160000,0.532,0.532,0.521,0.527,47041.75018222,89,GLMR,USD
2022-09-04,01:17:28.2620000,23:47:34.6320000,0.525,0.528,0.518,0.528,37536.76873799,82,GLMR,USD
2022-09-05,00:19:29.5520000,23:47:31.0720000,0.523,0.525,0.512,0.522,53844.11425545,89,GLMR,USD
2022-09-06,00:54:56.2860000,23:55:49.7700000,0.525,0.526,0.475,0.475,101400.80623509,209,GLMR,USD
2022-09-07,00:04:40.9400000,23:54:14.0190000,0.476,0.505,0.47,0.499,89614.7772498,163,GLMR,USD
2022-09-08,01:42:11.5880000,23:38:29.3840000,0.493,0.504,0.481,0.501,561335.44995944,324,GLMR,USD
2022-09-09,00:16:23.2230000,23:59:37.4810000,0.501,0.626,0.5,0.561,720906.85544905,774,GLMR,USD
2022-09-10,00:04:05.2250000,23:35:07.1780000,0.564,0.606,0.544,0.568,342696.08101744,593,GLMR,USD
2022-09-11,01:43:05.5860000,23:42:15.1350000,0.566,0.606,0.562,0.595,270024.11483437,406,GLMR,USD
2022-09-12,00:01:45.9320000,23:19:16.7720000,0.594,0.627,0.567,0.569,332638.69310712,454,GLMR,USD
2022-09-13,00:25:03.6290000,23:41:51.1320000,0.56,0.571,0.516,0.52,361059.55946616,474,GLMR,USD
2022-09-14,00:26:59.8600000,23:43:22.0110000,0.519,0.524,0.494,0.513,299495.58521484,316,GLMR,USD
2022-09-15,00:00:12.6220000,23:52:40.3170000,0.513,0.513,0.485,0.485,92313.03507251,175,GLMR,USD
2022-09-16,00:07:09.3510000,23:21:02.4450000,0.483,0.496,0.476,0.489,78011.29797641,176,GLMR,USD
2022-09-17,00:07:58.6000000,23:59:30.9240000,0.492,0.532,0.492,0.516,243210.70798435,335,GLMR,USD
2022-09-18,00:09:52.1350000,23:57:39.3940000,0.513,0.522,0.473,0.473,181993.21003937,297,GLMR,USD
2022-09-19,00:08:34.5470000,23:45:51.1540000,0.475,0.484,0.454,0.473,186104.09874961,236,GLMR,USD
2022-09-20,00:20:59.7580000,23:54:57.5050000,0.469,0.479,0.457,0.457,237590.54216867,246,GLMR,USD
2022-09-21,00:18:47.1090000,23:34:24.7410000,0.456,0.475,0.439,0.445,304377.95759162,305,GLMR,USD
2022-09-22,00:19:41.7800000,23:49:00.6450000,0.441,0.473,0.44,0.47,136217.3348162,127,GLMR,USD
2022-09-23,00:40:41.1180000,23:49:43.5660000,0.47,0.473,0.448,0.467,51224.36241474,73,GLMR,USD
2022-09-24,04:37:22.5660000,23:46:55.0800000,0.463,0.467,0.451,0.451,48025.61207675,102,GLMR,USD
2022-09-25,00:46:32.0820000,23:55:15.1150000,0.455,0.487,0.453,0.465,211945.56332624,239,GLMR,USD
2022-09-26,00:11:45.4870000,23:53:02.3810000,0.466,0.482,0.447,0.468,82322.82059233,146,GLMR,USD
2022-09-27,00:11:24.1890000,23:40:41.2230000,0.468,0.487,0.452,0.461,207239.19263623,243,GLMR,USD
2022-09-28,00:17:43.4320000,23:37:22.5850000,0.462,0.462,0.441,0.453,54097.29828338,114,GLMR,USD
2022-09-29,00:08:06.8870000,21:54:52.5360000,0.458,0.471,0.445,0.454,156379.61972889,197,GLMR,USD
2022-09-30,01:50:31.2130000,23:48:27.9970000,0.451,0.458,0.424,0.444,103732.00106724,179,GLMR,USD
2022-10-01,02:12:15.4110000,23:59:22.2340000,0.444,0.481,0.441,0.47,217359.82315079,249,GLMR,USD
2022-10-02,00:02:31.8220000,23:06:34.8500000,0.474,0.484,0.448,0.448,235291.77021856,232,GLMR,USD
2022-10-03,01:33:46.4050000,23:49:26.8850000,0.454,0.464,0.44,0.46,98926.66916934,193,GLMR,USD
2022-10-04,00:16:27.1050000,20:58:43.1450000,0.46,0.62,0.455,0.476,150633.25040961,188,GLMR,USD
